City_ID,City,Country,Date,Lat,Lng,Max Temp,Humidity,Cloudiness,Wind Speed
0,Ribeira Grande,PT,2020-07-05 04:09:20,38.52,-28.7,68.81,86,100,4.94
1,Nouadhibou,MR,2020-07-05 04:09:20,20.93,-17.03,71.6,78,4,25.28
2,Mehamn,NO,2020-07-05 04:09:20,71.04,27.85,45.19,87,100,5.88
3,Rikitea,PF,2020-07-05 04:09:20,-23.12,-134.97,71.94,73,1,13.33
4,Arraial Do Cabo,BR,2020-07-05 04:09:20,-22.97,-42.03,69.89,82,21,21.9
5,Mataura,NZ,2020-07-05 04:09:20,-46.19,168.86,48.4,94,100,1.59
6,Grindavik,IS,2020-07-05 04:09:21,63.84,-22.43,46.4,100,40,8.05
7,Adrar,MR,2020-07-05 04:09:21,20.5,-10.07,94.44,10,0,8.43
8,Thompson,CA,2020-07-05 04:07:59,55.74,-97.86,71.6,64,75,2.84
9,Zyryanovsk,KZ,2020-07-05 04:09:21,49.74,84.27,69.31,53,10,5.37
10,Regina,CA,2020-07-05 04:08:16,50.45,-104.62,75.2,64,75,8.05
11,Kavaratti,IN,2020-07-05 04:09:21,10.57,72.64,86.0,74,20,11.41
12,Ushuaia,AR,2020-07-05 04:08:38,-54.8,-68.3,35.6,93,75,3.42
13,Castro,BR,2020-07-05 04:09:21,-24.79,-50.01,49.57,89,0,4.56
14,Busselton,AU,2020-07-05 04:09:22,-33.65,115.33,66.0,38,90,17.25
15,Genhe,CN,2020-07-05 04:09:22,50.78,121.52,71.28,66,63,7.25
16,New Norfolk,AU,2020-07-05 04:09:22,-42.78,147.06,57.2,58,20,10.29
17,Marawi,PH,2020-07-05 04:09:22,8.0,124.29,82.0,75,100,3.0
18,Bergen,NO,2020-07-05 04:09:22,60.39,5.33,55.0,81,40,11.41
19,Atuona,PF,2020-07-05 04:09:22,-9.8,-139.03,79.83,71,9,18.43
20,Avarua,CK,2020-07-05 04:09:23,-21.21,-159.78,71.6,94,99,8.05
21,Staroutkinsk,RU,2020-07-05 04:09:23,57.23,59.33,67.66,83,95,5.14
22,Arlit,NE,2020-07-05 04:09:23,18.74,7.39,81.75,57,3,4.0
23,Beloha,MG,2020-07-05 04:09:23,-25.17,45.05,60.17,97,14,4.85
24,Muroto,JP,2020-07-05 04:09:23,33.28,134.15,77.0,88,75,6.93
25,Gerash,IR,2020-07-05 04:09:23,27.67,54.14,80.6,36,0,2.73
26,Flinders,AU,2020-07-05 04:09:23,-34.58,150.86,66.0,47,3,8.01
27,Barrow,US,2020-07-05 04:09:24,71.29,-156.79,46.4,52,1,11.41
28,Yellowknife,CA,2020-07-05 04:09:24,62.46,-114.35,62.6,72,75,12.75
29,Alta Floresta,BR,2020-07-05 04:09:24,-9.88,-56.09,69.8,94,0,2.13
30,Bonthe,SL,2020-07-05 04:09:24,7.53,-12.51,76.06,89,100,9.04
31,Bethel,US,2020-07-05 04:09:04,41.37,-73.41,69.01,95,18,3.74
32,Susuman,RU,2020-07-05 04:09:24,62.78,148.17,58.95,47,100,10.89
33,Narsaq,GL,2020-07-05 04:09:24,60.92,-46.05,44.6,81,83,6.93
34,Auki,SB,2020-07-05 04:09:25,-8.77,160.7,85.89,66,69,3.56
35,Saint-Joseph,RE,2020-07-05 04:09:25,-21.37,55.62,64.4,88,90,6.93
36,Mana,GF,2020-07-05 04:09:25,5.66,-53.78,76.55,87,100,7.23
37,Punta Arenas,CL,2020-07-05 04:05:02,-53.15,-70.92,30.0,92,31,3.36
38,Howard Springs,AU,2020-07-05 04:09:25,-12.5,131.05,84.0,30,9,13.87
39,Kapaa,US,2020-07-05 04:09:25,22.08,-159.32,82.4,69,90,6.93
40,Bluff,NZ,2020-07-05 04:09:25,-46.6,168.33,48.9,87,96,5.08
41,Bredasdorp,ZA,2020-07-05 04:09:26,-34.53,20.04,60.8,72,100,11.41
42,Palmer,US,2020-07-05 04:09:11,42.16,-72.33,68.0,94,0,4.63
43,Port Elizabeth,ZA,2020-07-05 04:09:26,-33.92,25.57,50.0,87,48,5.82
44,Saskylakh,RU,2020-07-05 04:09:26,71.92,114.08,54.37,52,72,11.81
45,Peniche,PT,2020-07-05 04:09:26,39.36,-9.38,63.0,93,7,8.01
46,Spencer,US,2020-07-05 04:09:24,43.14,-95.14,75.99,88,1,1.81
47,Butaritari,KI,2020-07-05 04:09:26,3.07,172.79,83.82,71,26,11.05
48,Albany,US,2020-07-05 04:09:27,42.6,-73.97,73.0,97,48,4.74
49,Namibe,AO,2020-07-05 04:09:27,-15.2,12.15,68.31,62,5,2.06
50,Jalu,LY,2020-07-05 04:09:27,29.03,21.55,74.26,59,0,5.48
51,Barcelos,PT,2020-07-05 04:09:27,41.54,-8.62,68.0,93,0,4.5
52,Haines Junction,CA,2020-07-05 04:09:27,60.75,-137.51,71.13,29,93,6.15
53,Vilyuysk,RU,2020-07-05 04:09:27,63.76,121.62,64.33,41,87,8.72
54,Bitung,ID,2020-07-05 04:09:28,1.45,125.18,89.6,59,40,2.24
55,Lianzhou,CN,2020-07-05 04:09:28,24.78,112.38,88.56,69,98,4.59
56,Dabat,ET,2020-07-05 04:09:28,12.98,37.77,55.78,95,100,5.77
57,Chokurdakh,RU,2020-07-05 04:09:28,70.63,147.92,62.67,35,62,7.96
58,Buzmeyin,TM,2020-07-05 04:09:28,38.05,58.21,82.4,23,0,2.24
59,Saint-Philippe,RE,2020-07-05 04:09:29,-21.36,55.77,66.2,88,90,6.93
60,Kaitangata,NZ,2020-07-05 04:09:29,-46.28,169.85,48.99,85,100,1.99
61,Iskateley,RU,2020-07-05 04:09:29,67.68,53.15,64.45,76,75,8.43
62,Uvinza,TZ,2020-07-05 04:09:29,-5.1,30.39,62.82,61,18,4.32
63,Surt,LY,2020-07-05 04:09:29,31.21,16.59,74.28,89,6,12.17
64,Sola,VU,2020-07-05 04:09:29,-13.88,167.55,77.0,94,90,14.97
65,Tuatapere,NZ,2020-07-05 04:09:30,-46.13,167.68,48.6,87,100,2.93
66,Hobart,AU,2020-07-05 04:07:19,-42.88,147.33,57.2,58,20,10.29
67,Pau,FR,2020-07-05 04:09:30,43.42,-0.58,57.2,93,83,2.24
68,Saint Anthony,US,2020-07-05 04:09:17,45.02,-93.22,80.6,69,1,3.22
69,Bengkulu,ID,2020-07-05 04:08:54,-3.8,102.27,88.11,55,92,1.92
70,Jiayuguan,CN,2020-07-05 04:09:30,39.82,98.3,87.51,13,51,14.61
71,Nizhnyaya Tavda,RU,2020-07-05 04:09:31,57.67,66.17,69.15,64,99,3.02
72,Victoria,HK,2020-07-05 04:07:25,22.29,114.16,91.0,66,91,10.0
73,Kiruna,SE,2020-07-05 04:06:03,67.86,20.23,44.6,75,92,8.05
74,Oktyabrskiy,RU,2020-07-05 04:09:31,54.48,53.47,73.31,79,31,5.35
75,Ponta Do Sol,PT,2020-07-05 04:09:31,32.67,-17.1,69.8,68,20,17.22
76,Pevek,RU,2020-07-05 04:09:31,69.7,170.31,43.79,65,100,1.41
77,Puerto Ayora,EC,2020-07-05 04:09:31,-0.74,-90.35,70.0,94,93,5.01
78,Qaanaaq,GL,2020-07-05 04:09:32,77.48,-69.36,40.69,68,75,2.64
79,Upernavik,GL,2020-07-05 04:09:32,72.79,-56.15,38.84,91,100,6.33
80,Bonavista,CA,2020-07-05 04:09:32,48.65,-53.11,46.99,87,46,4.0
81,Lebu,CL,2020-07-05 04:09:32,-37.62,-73.65,46.67,87,100,2.35
82,Geraldton,AU,2020-07-05 04:09:32,-28.77,114.6,75.2,36,24,12.75
83,Saldanha,ZA,2020-07-05 04:09:32,-33.01,17.94,51.8,87,98,3.36
84,Port Blair,IN,2020-07-05 04:09:12,11.67,92.75,84.47,77,100,12.68
85,Qaqortoq,GL,2020-07-05 04:09:33,60.72,-46.03,44.6,81,96,6.93
86,Mengcheng,CN,2020-07-05 04:09:33,33.26,116.57,86.72,60,2,6.89
87,East London,ZA,2020-07-05 04:09:33,-33.02,27.91,58.21,46,0,7.7
88,Kharp,RU,2020-07-05 04:09:33,66.8,65.81,70.59,39,14,4.0
89,La Ronge,CA,2020-07-05 04:09:33,55.1,-105.28,59.0,93,90,10.29
90,Port Alfred,ZA,2020-07-05 04:09:33,-33.59,26.89,55.99,76,13,3.0
91,Adrasmon,TJ,2020-07-05 04:09:33,40.65,69.99,80.6,26,7,11.18
92,Buritizeiro,BR,2020-07-05 04:09:34,-17.35,-44.96,65.53,80,12,5.7
93,Sao Joao Da Barra,BR,2020-07-05 04:09:34,-21.64,-41.05,70.29,82,100,13.71
94,Grand Gaube,MU,2020-07-05 04:09:34,-20.01,57.66,71.01,83,100,7.0
95,Phan Thiet,VN,2020-07-05 04:04:41,10.93,108.1,87.51,60,69,5.57
96,Cape Town,ZA,2020-07-05 04:09:34,-33.93,18.42,59.0,93,90,9.17
97,Zeya,RU,2020-07-05 04:09:35,53.75,127.27,75.69,29,23,4.68
98,Kodiak,US,2020-07-05 04:08:00,57.79,-152.41,66.2,63,1,8.05
99,Aleksandrov Gay,RU,2020-07-05 04:09:35,50.15,48.57,87.37,37,0,4.45
100,Kolvereid,NO,2020-07-05 04:09:35,64.87,11.6,47.75,71,0,7.38
101,Visnes,NO,2020-07-05 04:09:35,59.36,5.22,55.99,82,100,11.41
102,Kroya,ID,2020-07-05 04:09:35,-7.63,109.25,83.43,65,20,5.88
103,Matara,LK,2020-07-05 04:09:35,5.95,80.54,82.83,81,100,10.58
104,Gaeta,IT,2020-07-05 04:09:36,41.22,13.56,70.0,62,39,1.99
105,Prieska,ZA,2020-07-05 04:09:36,-29.66,22.75,46.92,49,54,4.41
106,Gorele,TR,2020-07-05 04:09:36,41.03,39.0,78.8,74,75,2.24
107,Jamestown,US,2020-07-05 04:09:30,42.1,-79.24,69.8,68,1,4.7
108,Ancud,CL,2020-07-05 04:09:36,-41.87,-73.82,39.99,100,40,2.24
109,Faanui,PF,2020-07-05 04:09:36,-16.48,-151.75,79.65,79,0,13.47
110,Grandview,US,2020-07-05 04:09:18,38.89,-94.53,79.0,74,1,6.67
111,Kerouane,GN,2020-07-05 04:09:37,9.27,-9.02,70.0,91,50,5.75
112,Mar Del Plata,AR,2020-07-05 04:06:05,-38.0,-57.56,46.99,87,100,4.7
113,Musoma,TZ,2020-07-05 04:09:37,-1.5,33.8,66.2,68,72,6.24
114,Manjacaze,MZ,2020-07-05 04:09:37,-24.71,33.88,55.72,95,0,5.28
115,Culebra,PR,2020-07-05 04:09:37,18.3,-65.3,82.4,74,1,6.93
116,Norman Wells,CA,2020-07-05 04:09:37,65.28,-126.83,66.2,45,75,8.05
117,Hambantota,LK,2020-07-05 04:09:38,6.12,81.12,86.0,79,75,14.99
118,Bajil,YE,2020-07-05 04:09:38,15.06,43.29,88.18,45,100,3.33
119,Iralaya,HN,2020-07-05 04:09:38,15.0,-83.23,80.6,85,90,13.33
120,Nelson Bay,AU,2020-07-05 04:09:38,-32.72,152.15,62.6,45,0,12.75
121,Saint-Augustin,CA,2020-07-05 04:09:38,51.23,-58.65,49.28,94,100,3.74
122,Hajduboszormeny,HU,2020-07-05 04:09:38,47.67,21.52,64.4,88,0,3.36
123,Prince Rupert,CA,2020-07-05 04:09:38,54.32,-130.32,59.0,77,90,5.82
124,Aklavik,CA,2020-07-05 04:09:39,68.22,-135.01,39.2,93,90,12.75
125,Kahului,US,2020-07-05 04:08:51,20.89,-156.47,87.8,55,40,25.28
126,Coffs Harbour,AU,2020-07-05 04:09:39,-30.3,153.13,66.2,39,0,11.41
127,Port-Gentil,GA,2020-07-05 04:09:39,-0.72,8.78,73.89,78,99,10.69
128,Antalaha,MG,2020-07-05 04:09:39,-14.9,50.28,68.43,85,22,10.38
129,Coari,BR,2020-07-05 04:09:39,-4.08,-63.14,73.06,95,67,1.07
130,Belomorsk,RU,2020-07-05 04:09:39,64.52,34.77,58.05,85,99,11.21
131,Samarai,PG,2020-07-05 04:09:40,-10.62,150.67,77.56,80,100,15.59
132,Salalah,OM,2020-07-05 04:09:40,17.02,54.09,78.8,100,90,8.05
133,Dikson,RU,2020-07-05 04:09:40,73.51,80.55,50.31,62,100,11.07
134,Cidreira,BR,2020-07-05 04:09:40,-30.18,-50.21,58.62,72,94,11.83
135,Naryan-Mar,RU,2020-07-05 04:09:40,67.67,53.09,64.27,76,73,8.61
136,Ukiah,US,2020-07-05 04:09:40,39.15,-123.21,80.6,22,1,11.41
137,General Pico,AR,2020-07-05 04:09:41,-35.66,-63.76,41.23,85,100,7.36
138,Hualmay,PE,2020-07-05 04:09:41,-11.1,-77.61,60.08,85,3,9.04
139,Iquitos,PE,2020-07-05 04:07:19,-3.75,-73.25,72.16,94,35,1.36
140,Buala,SB,2020-07-05 04:09:41,-8.14,159.59,85.05,68,73,6.82
141,Panshi,CN,2020-07-05 04:09:41,42.94,126.06,73.49,70,97,10.02
142,Katsuura,JP,2020-07-05 04:09:41,35.13,140.3,77.0,94,100,1.99
143,Praia,CV,2020-07-05 04:09:41,14.92,-23.51,77.0,73,40,13.87
144,Arkhara,RU,2020-07-05 04:09:41,49.42,130.08,76.95,67,36,6.67
145,Trencianske Teplice,SK,2020-07-05 04:09:42,48.91,18.17,57.99,90,0,1.54
146,Sainte-Anne-Des-Monts,CA,2020-07-05 04:09:42,49.12,-66.49,55.47,77,9,4.14
147,Pathardi,IN,2020-07-05 04:09:42,19.17,75.18,73.67,91,100,14.72
148,Las Choapas,MX,2020-07-05 04:09:42,17.93,-94.08,76.87,91,100,4.5
149,Sherlovaya Gora,RU,2020-07-05 04:09:42,50.57,116.25,79.92,40,24,8.03
150,Jinka,ET,2020-07-05 04:09:42,5.65,36.65,62.42,79,100,3.76
151,Telimele,GN,2020-07-05 04:09:43,10.92,-13.33,69.64,99,100,1.86
152,Mahebourg,MU,2020-07-05 04:09:43,-20.41,57.7,69.8,94,75,10.29
153,Roma,US,2020-07-05 04:09:43,43.21,-75.46,66.2,68,1,1.32
154,Chuy,UY,2020-07-05 04:09:43,-33.7,-53.46,50.63,92,99,4.97
155,Kuryk,KZ,2020-07-05 04:09:43,43.2,51.65,90.01,17,0,11.83
156,Georgetown,MY,2020-07-05 04:09:04,5.41,100.34,89.6,66,20,3.36
157,Moba,CN,2020-07-05 04:09:43,33.23,105.02,87.01,63,100,3.4
158,Sibolga,ID,2020-07-05 04:09:44,1.74,98.78,89.08,51,43,3.98
159,Yeniseysk,RU,2020-07-05 04:09:44,58.45,92.17,80.15,62,67,2.39
160,Tarata,BO,2020-07-05 04:09:44,-17.62,-66.02,50.0,31,0,3.36
161,Red Bluff,US,2020-07-05 04:05:55,40.18,-122.24,93.2,18,1,9.17
162,Senanga,ZM,2020-07-05 04:09:44,-16.12,23.27,45.73,65,0,4.54
163,Longyearbyen,SJ,2020-07-05 04:09:44,78.22,15.64,46.4,70,20,16.11
164,Fortuna,US,2020-07-05 04:09:44,40.6,-124.16,57.0,82,1,8.05
165,Meadow Lake,US,2020-07-05 04:09:45,34.8,-106.54,82.4,26,20,8.05
166,Novo Aripuana,BR,2020-07-05 04:09:45,-5.12,-60.38,73.62,91,2,1.63
167,Hasaki,JP,2020-07-05 04:09:45,35.73,140.83,77.0,100,75,5.82
168,Terrasini,IT,2020-07-05 04:09:45,38.15,13.08,75.2,78,75,5.82
169,Vaini,TO,2020-07-05 04:09:45,-21.2,-175.2,77.0,73,40,11.41
170,Bolobo,CD,2020-07-05 04:07:04,-2.17,16.23,73.15,80,22,1.99
171,Kruisfontein,ZA,2020-07-05 04:09:45,-34.0,24.73,52.3,60,36,7.61
172,Sitka,US,2020-07-05 04:09:46,57.05,-135.33,55.4,76,90,3.36
173,Udarnyy,RU,2020-07-05 04:09:46,54.34,42.86,72.34,89,100,2.13
174,Zyryanka,RU,2020-07-05 04:09:46,65.75,150.85,65.91,37,10,2.13
175,Eirunepe,BR,2020-07-05 04:09:46,-6.66,-69.87,72.61,92,8,1.43
176,Hobyo,SO,2020-07-05 04:09:46,5.35,48.53,78.98,68,85,20.67
177,Bambous Virieux,MU,2020-07-05 04:09:47,-20.34,57.76,71.01,94,75,10.29
178,Pemangkat,ID,2020-07-05 04:07:06,1.17,108.97,86.63,62,8,2.53
179,Dudinka,RU,2020-07-05 04:09:47,69.41,86.18,68.0,45,99,17.9
180,Gunjur,GM,2020-07-05 04:09:47,13.2,-16.73,80.6,83,40,4.7
181,Souillac,MU,2020-07-05 04:09:47,-20.52,57.52,69.8,94,75,10.29
182,Hofn,IS,2020-07-05 04:09:48,64.25,-15.21,46.49,74,23,12.21
183,Coruripe,BR,2020-07-05 04:09:48,-10.13,-36.18,74.37,87,2,9.35
184,Severnoye,RU,2020-07-05 04:09:48,56.35,78.36,66.18,83,100,5.32
185,Mingshui,CN,2020-07-05 04:09:48,36.72,117.5,91.99,59,3,1.01
186,Codrington,AU,2020-07-05 04:09:48,-38.27,141.97,52.03,76,91,9.89
187,Mehran,IR,2020-07-05 04:09:49,33.12,46.16,78.8,24,0,4.7
188,Rafraf,TN,2020-07-05 04:09:49,37.19,10.18,71.6,64,20,11.41
189,Lastoursville,GA,2020-07-05 04:09:49,-0.81,12.73,70.75,92,36,1.79
190,Dingle,PH,2020-07-05 04:09:49,11.0,122.67,87.66,62,77,4.7
191,Nanortalik,GL,2020-07-05 04:09:49,60.14,-45.24,39.49,89,100,12.48
192,Olafsvik,IS,2020-07-05 04:09:49,64.89,-23.71,48.16,77,0,12.77
193,Severo-Kurilsk,RU,2020-07-05 04:09:49,50.68,156.12,53.49,78,20,7.0
194,Vila Franca Do Campo,PT,2020-07-05 04:09:50,37.72,-25.43,69.8,83,75,6.93
195,Istok,XK,2020-07-05 04:09:50,42.78,20.49,64.4,77,75,4.7
196,Shikohabad,IN,2020-07-05 04:09:50,27.1,78.6,94.8,48,100,8.21
197,Maningrida,AU,2020-07-05 04:09:50,-12.07,134.27,84.72,46,88,12.24
198,Bogotol,RU,2020-07-05 04:09:50,56.21,89.53,67.32,88,99,10.96
199,Almaznyy,RU,2020-07-05 04:09:50,48.04,40.05,77.0,33,0,15.66
200,Nikolskoye,RU,2020-07-05 04:09:51,59.7,30.79,62.01,87,90,6.71
201,Hermanus,ZA,2020-07-05 04:09:51,-34.42,19.23,57.0,93,100,8.01
202,Dunedin,NZ,2020-07-05 04:09:51,-45.87,170.5,51.01,79,100,2.66
203,Faridpur,BD,2020-07-05 04:09:51,23.6,89.83,86.0,74,75,8.05
204,Yerbogachen,RU,2020-07-05 04:09:51,61.28,108.01,66.6,46,1,8.05
205,Aplahoue,BJ,2020-07-05 04:07:04,6.93,1.68,70.97,96,100,3.31
206,Hilo,US,2020-07-05 04:09:51,19.73,-155.09,80.6,69,90,9.17
207,Naze,JP,2020-07-05 04:09:52,28.37,129.48,84.2,89,75,14.99
208,Kaka,TM,2020-07-05 04:09:52,37.35,59.61,85.48,14,0,3.24
209,Atherton,GB,2020-07-05 04:09:52,53.52,-2.49,62.01,74,97,17.0
210,Mabaruma,GY,2020-07-05 04:09:52,8.2,-59.78,74.07,95,99,2.71
211,Antofagasta,CL,2020-07-05 04:05:27,-23.65,-70.4,59.0,77,90,11.41
212,Birjand,IR,2020-07-05 04:09:52,32.87,59.22,69.8,16,0,13.87
213,Sao Joao Do Piaui,BR,2020-07-05 04:09:52,-8.36,-42.25,74.93,63,0,6.98
214,Bisignano,IT,2020-07-05 04:09:53,39.51,16.28,66.99,87,100,1.01
215,Ferrol,ES,2020-07-05 04:09:53,43.48,-8.24,63.0,100,90,3.36
216,Lazaro Cardenas,MX,2020-07-05 04:09:53,17.96,-102.2,79.81,78,1,5.12
217,Mount Isa,AU,2020-07-05 04:09:03,-20.73,139.5,66.2,24,100,13.87
218,Carnarvon,AU,2020-07-05 04:09:47,-24.87,113.63,78.8,22,0,9.17
219,Hithadhoo,MV,2020-07-05 04:09:53,-0.6,73.08,84.87,75,6,16.37
220,Bilecik,TR,2020-07-05 04:09:53,40.0,30.17,66.2,88,14,6.93
221,Cabo San Lucas,MX,2020-07-05 04:09:54,22.89,-109.91,82.99,80,0,9.4
222,Port Keats,AU,2020-07-05 04:09:54,-14.25,129.55,83.35,24,0,12.44
223,Newport,GB,2020-07-05 04:06:12,51.59,-3.0,61.0,95,100,5.01
224,Aleysk,RU,2020-07-05 04:09:54,52.49,82.78,69.71,62,91,4.59
225,Khatanga,RU,2020-07-05 04:09:54,71.97,102.5,65.44,36,0,13.09
226,Cervo,ES,2020-07-05 04:09:55,43.67,-7.41,57.99,97,100,1.99
227,Tiksi,RU,2020-07-05 04:09:55,71.69,128.87,33.28,95,100,12.44
228,Tuktoyaktuk,CA,2020-07-05 04:09:55,69.45,-133.04,35.6,93,90,18.34
229,Dawson Creek,CA,2020-07-05 04:09:55,55.77,-120.24,55.4,93,75,4.7
230,Laguna,US,2020-07-05 04:09:55,38.42,-121.42,84.99,28,5,8.05
231,Touros,BR,2020-07-05 04:09:55,-5.2,-35.46,71.6,94,1,3.36
232,Santiago,CL,2020-07-05 04:07:57,-33.46,-70.65,44.6,81,90,6.93
233,Kavieng,PG,2020-07-05 04:09:56,-2.57,150.8,82.83,74,100,8.72
234,Kutum,SD,2020-07-05 04:09:56,14.2,24.67,75.85,58,76,8.37
235,Sehithwa,BW,2020-07-05 04:09:56,-20.47,22.72,46.85,64,0,6.38
236,Kiama,AU,2020-07-05 04:09:57,-34.68,150.87,66.0,47,7,5.01
237,Marzuq,YE,2020-07-05 04:09:57,14.4,46.47,72.91,72,100,1.05
238,The Valley,AI,2020-07-05 04:09:57,18.22,-63.06,82.4,78,75,6.93
239,Seoul,KR,2020-07-05 04:07:25,37.57,126.98,80.6,61,20,3.36
240,Chake Chake,TZ,2020-07-05 04:09:57,-5.25,39.77,75.88,77,15,13.35
241,Hamilton,US,2020-07-05 04:09:57,39.18,-84.53,80.01,83,1,3.36
242,Bainbridge,US,2020-07-05 04:07:36,47.63,-122.52,64.0,74,33,5.37
243,Primorsk,UA,2020-07-05 04:09:58,46.73,36.34,76.68,56,0,6.31
244,Esperance,AU,2020-07-05 04:09:58,-33.87,121.9,62.6,51,48,18.34
245,Lakes Entrance,AU,2020-07-05 04:09:58,-37.88,147.98,57.0,73,50,4.0
246,Poanas,MX,2020-07-05 04:09:58,25.77,-103.62,84.99,37,0,2.95
247,Bacolod,PH,2020-07-05 04:09:58,10.67,122.95,85.86,67,94,3.15
248,Sabha,LY,2020-07-05 04:09:59,27.04,14.43,79.21,23,0,7.14
249,Cherskiy,RU,2020-07-05 04:09:59,68.75,161.3,58.68,57,100,7.23
250,Padang,ID,2020-07-05 04:09:59,-0.95,100.35,87.08,58,19,4.18
251,San Juan,AR,2020-07-05 04:06:36,-31.54,-68.54,41.99,81,98,8.7
252,Ola,RU,2020-07-05 04:09:59,59.58,151.28,57.33,59,99,7.25
253,Tasiilaq,GL,2020-07-05 04:10:00,65.61,-37.64,42.8,48,34,4.7
254,Acajutla,SV,2020-07-05 04:08:07,13.59,-89.83,70.0,100,77,1.99
255,Teya,RU,2020-07-05 04:10:00,60.38,92.63,75.24,74,98,3.13
256,Taoudenni,ML,2020-07-05 04:10:00,22.68,-3.98,90.18,11,0,6.76
257,Fort Abbas,PK,2020-07-05 04:10:00,29.19,72.85,100.76,37,0,15.52
258,Srednekolymsk,RU,2020-07-05 04:10:01,67.45,153.68,64.67,39,100,11.45
259,Merauke,ID,2020-07-05 04:10:02,-8.47,140.33,82.09,70,23,20.83
260,Umm Lajj,SA,2020-07-05 04:10:02,25.02,37.27,86.04,37,0,7.61
261,Tromso,NO,2020-07-05 04:10:02,69.65,18.96,44.6,87,40,5.82
262,Port-Cartier,CA,2020-07-05 04:10:03,50.03,-66.87,55.99,93,75,2.24
263,Farafangana,MG,2020-07-05 04:10:03,-22.82,47.83,64.02,85,3,4.21
264,Margate,GB,2020-07-05 04:10:03,51.38,1.39,63.0,90,67,5.99
265,Rodrigues Alves,BR,2020-07-05 04:10:04,-7.74,-72.65,71.33,94,100,1.5
266,Grand Haven,US,2020-07-05 04:06:02,43.06,-86.23,73.99,81,0,2.17
267,Colesberg,ZA,2020-07-05 04:10:04,-30.72,25.1,41.18,59,55,5.14
268,Tutoia,BR,2020-07-05 04:10:04,-2.76,-42.27,77.54,87,9,10.13
269,Verkhnevilyuysk,RU,2020-07-05 04:10:04,63.45,120.32,62.02,47,66,7.11
270,Sao Filipe,CV,2020-07-05 04:10:05,14.9,-24.5,74.08,82,12,9.08
271,Dutse,NG,2020-07-05 04:10:05,11.76,9.34,77.05,74,100,14.16
272,Aquiraz,BR,2020-07-05 04:10:05,-3.9,-38.39,78.8,83,20,10.29
273,Pangnirtung,CA,2020-07-05 04:10:05,66.15,-65.71,46.96,80,100,5.55
274,Airai,TL,2020-07-05 04:10:05,-8.93,125.41,67.3,81,79,5.75
275,Santa Helena De Goias,BR,2020-07-05 04:10:05,-17.81,-50.6,69.31,49,10,1.86
276,Yulara,AU,2020-07-05 04:10:06,-25.24,130.99,62.6,36,0,17.22
277,Mingguang,CN,2020-07-05 04:10:06,32.78,117.96,83.91,72,28,8.46
278,Lata,PT,2020-07-05 04:10:06,40.16,-8.33,63.0,98,24,3.11
279,Pandamatenga,BW,2020-07-05 04:10:06,-18.53,25.63,44.17,76,0,5.99
280,Macaubas,BR,2020-07-05 04:10:06,-13.02,-42.7,65.98,76,16,6.51
281,Anadyr,RU,2020-07-05 04:10:07,64.75,177.48,46.4,93,75,35.79
282,Pisco,PE,2020-07-05 04:10:07,-13.7,-76.22,62.6,82,0,5.82
283,Quelimane,MZ,2020-07-05 04:10:07,-17.88,36.89,64.4,93,75,3.36
284,Karlskrona,SE,2020-07-05 04:10:07,56.16,15.59,60.8,100,96,4.7
285,Albion,US,2020-07-05 04:10:07,42.24,-84.75,71.6,83,1,4.41
286,Alofi,NU,2020-07-05 04:10:07,-19.06,-169.92,75.2,88,100,19.46
287,Husavik,IS,2020-07-05 04:10:08,66.04,-17.34,46.4,81,2,6.93
288,Lubana,LV,2020-07-05 04:10:08,56.9,26.72,60.13,97,100,8.23
289,Balagansk,RU,2020-07-05 04:10:08,54.01,103.05,81.63,31,19,4.03
290,San Patricio,MX,2020-07-05 04:10:08,19.22,-104.7,79.48,78,3,2.04
291,Te Anau,NZ,2020-07-05 04:10:08,-45.42,167.72,42.94,90,100,2.82
292,Saint-Pierre,RE,2020-07-05 04:10:09,-21.34,55.48,64.4,88,90,6.93
293,Nizhniy Tsasuchey,RU,2020-07-05 04:10:09,50.52,115.13,80.65,42,5,12.15
294,Broken Hill,AU,2020-07-05 04:10:09,-31.95,141.43,51.8,71,90,17.22
295,Ust-Ishim,RU,2020-07-05 04:10:10,57.69,71.17,75.33,49,1,1.34
296,Voyvozh,RU,2020-07-05 04:10:10,62.89,54.96,63.52,89,80,4.7
297,Okha,RU,2020-07-05 04:10:10,53.57,142.95,54.25,93,100,13.02
298,Nouakchott,MR,2020-07-05 04:10:10,18.09,-15.98,77.0,83,20,12.75
299,Isabela,PH,2020-07-05 04:10:10,6.71,121.97,87.8,66,20,5.82
300,Waterford,US,2020-07-05 04:08:31,42.7,-83.4,73.4,53,1,3.65
301,Basco,PH,2020-07-05 04:10:10,20.45,121.97,84.94,77,95,11.99
302,Ode,NG,2020-07-05 04:10:11,7.79,5.71,69.4,93,100,3.65
303,Lagoa,PT,2020-07-05 04:10:11,39.05,-27.98,67.96,90,100,4.29
304,Pierre,US,2020-07-05 04:10:11,44.37,-100.35,80.6,65,20,11.41
305,Nago,JP,2020-07-05 04:10:11,26.59,127.98,87.8,84,20,16.11
306,Westport,US,2020-07-05 04:05:44,41.14,-73.36,70.0,96,7,6.46
307,Cap Malheureux,MU,2020-07-05 04:10:11,-19.98,57.61,71.01,83,100,7.0
308,Gijon,ES,2020-07-05 04:10:12,43.54,-5.66,60.01,82,100,1.3
309,Nome,US,2020-07-05 04:10:12,64.5,-165.41,59.0,76,1,10.29
310,Shumikhinskiy,RU,2020-07-05 04:10:12,58.74,57.69,64.99,86,100,1.01
311,Kasongo,CD,2020-07-05 04:10:12,-4.45,26.67,65.91,64,8,1.92
312,Omsukchan,RU,2020-07-05 04:10:13,62.53,155.8,60.89,42,89,13.47
313,Rafai,CF,2020-07-05 04:10:13,4.95,23.92,68.14,97,86,0.89
314,Rocha,UY,2020-07-05 04:10:13,-34.48,-54.33,49.46,85,100,4.18
315,Riobamba,EC,2020-07-05 04:10:13,-1.67,-78.63,51.15,75,91,2.68
316,Comodoro Rivadavia,AR,2020-07-05 04:10:13,-45.87,-67.5,39.2,80,75,6.93
317,Gat,IL,2020-07-05 04:10:13,31.61,34.76,73.0,86,0,1.01
318,Ojinaga,MX,2020-07-05 04:10:14,29.57,-104.42,89.6,31,1,8.05
319,Nadbai,IN,2020-07-05 04:10:14,27.23,77.2,97.77,43,97,8.32
320,Porto Santo,PT,2020-07-05 04:10:14,33.07,-16.34,69.8,64,75,11.41
321,Ghatanji,IN,2020-07-05 04:10:14,20.13,78.32,81.28,79,92,11.21
322,Carutapera,BR,2020-07-05 04:10:14,-1.2,-46.02,76.57,89,0,6.33
323,Beringovskiy,RU,2020-07-05 04:10:15,63.05,179.32,44.56,98,100,9.42
324,Riyadh,SA,2020-07-05 04:05:55,24.69,46.72,84.2,25,20,2.82
325,Alyangula,AU,2020-07-05 04:10:15,-13.85,136.42,80.6,54,75,17.22
326,Cockburn Town,TC,2020-07-05 04:10:15,21.46,-71.14,82.36,84,9,13.44
327,Grammichele,IT,2020-07-05 04:10:15,37.21,14.64,73.4,77,14,3.36
328,Zhigansk,RU,2020-07-05 04:10:15,66.77,123.37,60.64,43,15,24.25
329,Yangambi,CD,2020-07-05 04:10:16,0.81,24.43,72.95,72,93,1.7
330,Chapadinha,BR,2020-07-05 04:10:16,-3.74,-43.36,72.21,98,58,3.13
331,Mahon,ES,2020-07-05 04:10:16,39.89,4.27,68.0,94,0,4.7
332,Manado,ID,2020-07-05 04:07:08,1.49,124.85,89.6,59,40,2.24
333,Ostrowiec Swietokrzyski,PL,2020-07-05 04:10:16,50.93,21.39,64.0,94,0,1.99
334,Nishihara,JP,2020-07-05 04:10:16,26.18,127.76,87.8,66,75,14.99
335,Singaraja,ID,2020-07-05 04:10:17,-8.11,115.09,85.77,56,56,3.27
336,Torbay,CA,2020-07-05 04:10:07,47.67,-52.73,48.99,93,90,8.05
337,Opuwo,NA,2020-07-05 04:10:17,-18.06,13.84,53.1,42,27,12.97
338,Pundaguitan,PH,2020-07-05 04:10:17,6.37,126.17,83.82,68,76,1.99
339,Isangel,VU,2020-07-05 04:10:17,-19.55,169.27,78.8,78,90,4.7
340,Zhaotong,CN,2020-07-05 04:10:17,27.32,103.72,73.31,72,94,6.67
341,Belaya Kholunitsa,RU,2020-07-05 04:10:18,58.84,50.85,68.56,90,99,2.24
342,Trollhattan,SE,2020-07-05 04:10:18,58.23,12.42,55.99,93,100,6.93
343,Morro Bay,US,2020-07-05 04:07:00,35.37,-120.85,80.01,69,0,1.01
344,Alugan,PH,2020-07-05 04:10:18,12.22,125.48,83.66,69,100,8.43
345,High Level,CA,2020-07-05 04:10:18,58.52,-117.14,57.2,93,90,10.29
346,Oranjemund,NA,2020-07-05 04:10:19,-28.55,16.43,53.96,82,0,8.63
347,Odessa,UA,2020-07-05 04:10:19,46.48,30.73,75.2,73,0,13.42
348,Victor Harbor,AU,2020-07-05 04:10:19,-35.57,138.62,55.99,76,98,1.01
349,Pasni,PK,2020-07-05 04:10:19,25.26,63.47,86.83,75,98,9.26
350,Ampanihy,MG,2020-07-05 04:10:19,-24.7,44.75,60.93,94,75,4.9
351,Kununurra,AU,2020-07-05 04:08:10,-15.77,128.73,78.8,19,0,11.41
352,Salinas,US,2020-07-05 04:10:20,36.68,-121.66,69.8,52,1,12.75
353,Kokkola,FI,2020-07-05 04:07:29,63.84,23.13,50.0,93,75,8.05
354,Kieta,PG,2020-07-05 04:10:20,-6.22,155.63,85.6,59,100,2.42
355,Sasebo,JP,2020-07-05 04:10:20,33.16,129.72,82.4,69,75,8.05
356,Nemuro,JP,2020-07-05 04:10:21,43.32,145.57,77.0,57,75,11.41
357,Pangoa,PE,2020-07-05 04:10:21,-12.12,-73.0,65.19,96,4,2.3
358,Viedma,AR,2020-07-05 04:10:21,-40.81,-63.0,41.79,87,27,9.1
359,Inuvik,CA,2020-07-05 04:10:21,68.35,-133.72,39.2,93,90,12.75
360,Nyrob,RU,2020-07-05 04:10:22,60.73,56.72,63.37,94,100,4.18
361,Meulaboh,ID,2020-07-05 04:10:22,4.14,96.13,86.36,67,13,3.85
362,Joao Pinheiro,BR,2020-07-05 04:10:22,-17.74,-46.17,68.34,68,95,7.58
363,Vestmanna,FO,2020-07-05 04:10:22,62.16,-7.17,48.2,93,100,8.05
364,Nuuk,GL,2020-07-05 04:10:22,64.18,-51.72,37.4,100,15,17.22
365,Waipawa,NZ,2020-07-05 04:10:23,-41.41,175.52,57.2,58,86,21.92
366,Puerto Escondido,MX,2020-07-05 04:10:23,15.85,-97.07,80.76,73,38,4.5
367,Maceio,BR,2020-07-05 04:10:23,-9.67,-35.74,71.6,94,75,4.7
368,Namatanai,PG,2020-07-05 04:10:23,-3.67,152.43,83.19,76,100,9.19
369,Changli,CN,2020-07-05 04:10:23,39.7,119.15,80.01,16,94,5.99
370,Necochea,AR,2020-07-05 04:10:24,-38.55,-58.74,42.01,97,100,3.0
371,Progreso,MX,2020-07-05 04:10:24,21.28,-89.67,80.01,78,75,5.82
372,Grand-Santi,GF,2020-07-05 04:10:24,4.25,-54.38,72.05,97,100,1.99
373,Hit,IQ,2020-07-05 04:10:24,33.64,42.83,94.87,13,0,12.3
374,Ekibastuz,KZ,2020-07-05 04:10:24,51.67,75.37,63.82,85,100,16.02
375,Kankon,IN,2020-07-05 04:10:24,15.02,74.02,80.49,86,100,10.63
376,Yumen,CN,2020-07-05 04:10:24,40.28,97.2,88.7,12,36,15.82
377,Mocuba,MZ,2020-07-05 04:10:24,-16.84,36.99,59.67,97,56,2.86
378,Tabat,ID,2020-07-05 04:10:25,-2.63,115.23,81.77,86,22,1.5
379,Nurota,UZ,2020-07-05 04:10:25,40.56,65.69,82.4,24,0,9.17
380,Dinghai,CN,2020-07-05 04:10:25,26.28,119.79,91.4,63,100,11.18
381,Jaciara,BR,2020-07-05 04:10:25,-15.97,-54.97,67.95,59,0,3.0
382,Marsh Harbour,BS,2020-07-05 04:10:26,26.54,-77.06,84.51,73,86,8.66
383,Provideniya,RU,2020-07-05 04:10:26,64.38,-173.3,47.25,85,100,13.04
384,Ahipara,NZ,2020-07-05 04:10:26,-35.17,173.17,57.49,91,100,18.77
385,Madimba,TZ,2020-07-05 04:10:26,-10.4,40.33,68.0,94,20,13.87
386,Bundaberg,AU,2020-07-05 04:10:26,-24.85,152.35,66.2,22,30,5.82
387,Leningradskiy,RU,2020-07-05 04:10:26,69.38,178.42,50.85,56,100,11.68
388,San Quintin,MX,2020-07-05 04:10:27,30.48,-115.95,66.78,79,0,10.69
389,Tanout,NE,2020-07-05 04:10:27,14.97,8.89,86.07,50,58,9.93
390,Mogadishu,SO,2020-07-05 04:10:27,2.04,45.34,78.8,78,33,21.61
391,Andenes,NO,2020-07-05 04:10:27,69.31,16.12,48.2,81,100,3.36
392,Stornoway,GB,2020-07-05 04:10:27,58.21,-6.39,48.2,100,100,5.82
393,Salekhard,RU,2020-07-05 04:10:28,66.53,66.6,72.09,37,0,4.79
394,Chicama,PE,2020-07-05 04:10:28,-7.84,-79.15,63.14,79,26,2.8
395,Roald,NO,2020-07-05 04:10:28,62.58,6.13,53.6,87,60,2.24
396,Lagos,NG,2020-07-05 04:08:32,6.58,3.75,73.4,100,20,3.36
397,Pietersburg,ZA,2020-07-05 04:10:28,-23.9,29.47,42.8,70,0,2.24
398,Punta Alta,AR,2020-07-05 04:10:28,-38.88,-62.07,44.29,75,96,10.8
399,Gizo,SB,2020-07-05 04:10:28,-8.1,156.84,83.7,71,81,6.42
400,Nueva Loja,EC,2020-07-05 04:10:28,0.08,-76.88,69.84,97,36,1.74
401,Nukus,UZ,2020-07-05 04:10:29,42.45,59.61,82.4,30,0,6.93
402,Klaksvik,FO,2020-07-05 04:10:29,62.23,-6.59,48.2,93,100,8.05
403,Magalia,US,2020-07-05 04:10:29,39.81,-121.58,95.0,14,1,5.35
404,Schwerin,DE,2020-07-05 04:10:29,53.63,11.41,64.0,96,100,8.01
405,Half Moon Bay,US,2020-07-05 04:10:29,37.46,-122.43,75.2,76,1,8.05
406,Rurrenabaque,BO,2020-07-05 04:10:30,-14.44,-67.53,66.67,94,0,1.01
407,Waingapu,ID,2020-07-05 04:10:30,-9.66,120.26,83.26,61,42,21.85
408,Cooma,AU,2020-07-05 04:10:30,-36.23,149.13,50.0,57,11,25.28
409,Jamame,SO,2020-07-05 04:10:30,0.07,42.75,77.07,75,100,11.9
410,Calvinia,ZA,2020-07-05 04:10:30,-31.47,19.78,46.42,47,100,2.37
411,Lavrentiya,RU,2020-07-05 04:10:31,65.58,-171.0,48.29,79,34,6.89
412,Ust-Koksa,RU,2020-07-05 04:10:31,50.27,85.61,68.97,43,16,3.15
413,San Jose,US,2020-07-05 04:05:35,37.34,-121.89,75.99,33,20,8.05
414,Malpe,IN,2020-07-05 04:10:31,13.35,74.72,80.6,88,75,9.17
415,Bikaner,IN,2020-07-05 04:08:51,28.02,73.3,98.96,37,0,15.23
416,Hami,CN,2020-07-05 04:10:31,42.8,93.45,94.17,12,65,5.68
417,Saint George,US,2020-07-05 04:10:31,37.1,-113.58,96.8,11,1,6.93
418,Lesu,RO,2020-07-05 04:10:31,47.32,24.75,59.41,88,3,4.03
419,Vanimo,PG,2020-07-05 04:10:32,-2.67,141.3,78.46,85,99,0.89
420,Ugoofaaru,MV,2020-07-05 04:10:32,5.67,73.0,83.03,75,93,7.7
421,Mareeba,AU,2020-07-05 04:10:32,-17.0,145.43,77.0,50,20,21.92
422,Fairbanks,US,2020-07-05 04:09:44,64.84,-147.72,75.2,38,1,10.29
423,Ormond Beach,US,2020-07-05 04:06:15,29.29,-81.06,73.99,100,40,3.36
424,Lasa,IT,2020-07-05 04:10:32,46.62,10.7,51.8,76,5,5.82
425,San Alberto,CO,2020-07-05 04:10:32,7.76,-73.39,75.51,72,100,4.63
426,Coahuayana,MX,2020-07-05 04:10:33,18.73,-103.68,78.01,80,22,1.19
427,Ravar,IR,2020-07-05 04:10:33,31.27,56.81,82.35,14,93,6.17
428,Labuhan,ID,2020-07-05 04:10:33,-6.88,112.21,85.69,58,94,8.52
429,Talnakh,RU,2020-07-05 04:10:33,69.49,88.4,68.0,45,98,17.9
430,Raymond,US,2020-07-05 04:10:33,43.9,-70.47,62.01,96,31,2.55
431,Riohacha,CO,2020-07-05 04:09:55,11.54,-72.91,79.95,81,0,12.12
432,Talaya,RU,2020-07-05 04:10:34,61.38,152.75,61.12,49,100,8.12
433,Petropavlovsk-Kamchatskiy,RU,2020-07-05 04:10:34,53.05,158.65,62.6,77,40,6.71
434,Turukhansk,RU,2020-07-05 04:10:34,65.82,87.98,74.23,68,95,12.53
435,Tura,IN,2020-07-05 04:10:34,25.52,90.22,82.69,87,61,4.61
436,Mankapur,IN,2020-07-05 04:10:34,27.03,82.23,85.21,76,96,12.12
437,Hay River,CA,2020-07-05 04:10:35,60.82,-115.8,59.0,87,75,6.93
438,Olinda,BR,2020-07-05 04:10:35,-8.01,-34.86,73.4,88,20,5.82
439,Morondava,MG,2020-07-05 04:10:35,-20.28,44.28,66.29,64,0,6.89
440,Usinsk,RU,2020-07-05 04:10:35,65.99,57.53,67.03,69,83,11.81
441,Santa Rosa,PH,2020-07-05 04:10:35,14.31,121.11,90.0,70,40,5.82
442,Calamar,CO,2020-07-05 04:10:36,10.25,-74.91,76.35,92,49,5.75
443,Carlsbad,US,2020-07-05 04:10:01,33.16,-117.35,70.0,100,1,3.36
444,Kulhudhuffushi,MV,2020-07-05 04:10:36,6.62,73.07,82.74,77,88,9.28
445,Kharan,PK,2020-07-05 04:10:36,28.58,65.42,89.44,12,5,9.04
446,Port Macquarie,AU,2020-07-05 04:10:36,-31.43,152.92,64.0,51,0,5.01
447,Alexandria,EG,2020-07-05 04:10:36,31.22,29.96,75.2,78,0,5.82
448,Kirakira,SB,2020-07-05 04:10:36,-10.45,161.92,83.53,75,89,9.69
449,Isla Vista,US,2020-07-05 04:10:37,34.41,-119.86,73.0,82,1,5.82
450,Ostrovnoy,RU,2020-07-05 04:10:37,68.05,39.51,56.77,75,100,13.2
451,Bandarbeyla,SO,2020-07-05 04:10:37,9.49,50.81,83.52,50,93,28.74
452,Alice Springs,AU,2020-07-05 04:08:28,-23.7,133.88,60.8,32,71,12.75
453,Erenhot,CN,2020-07-05 04:10:37,43.65,111.98,81.61,27,74,6.42
454,Keroka,KE,2020-07-05 04:10:37,-0.78,34.95,51.33,100,53,3.56
455,Gladstone,AU,2020-07-05 04:10:38,-23.85,151.25,68.0,28,29,11.41
456,Paracuru,BR,2020-07-05 04:10:38,-3.41,-39.03,80.01,77,0,18.01
457,Mankera,PK,2020-07-05 04:10:38,31.39,71.44,104.74,23,0,10.27
458,At-Bashi,KG,2020-07-05 04:06:05,41.17,75.81,63.34,29,100,1.41
459,Guadalupe Y Calvo,MX,2020-07-05 04:10:38,26.1,-106.97,57.31,86,73,2.57
460,Red Wing,US,2020-07-05 04:10:38,44.56,-92.53,77.0,83,1,4.14
461,Kirovskiy,RU,2020-07-05 04:10:39,45.09,133.51,78.21,67,100,6.58
462,Bolu,TR,2020-07-05 04:10:39,40.67,31.58,66.96,53,0,1.86
463,Severo-Yeniseyskiy,RU,2020-07-05 04:10:39,60.37,93.04,70.03,78,90,5.53
464,Tchaourou,BJ,2020-07-05 04:10:39,8.89,2.6,70.34,97,100,2.39
465,Najran,SA,2020-07-05 04:10:39,17.49,44.13,86.0,23,40,3.62
466,Wuzhou,CN,2020-07-05 04:10:39,23.48,111.32,90.0,63,99,5.88
467,Ayacucho,PE,2020-07-05 04:10:40,-13.16,-74.22,51.76,74,26,0.49
468,Langxiang,CN,2020-07-05 04:10:40,46.95,128.88,71.74,88,98,3.36
469,Ucluelet,CA,2020-07-05 04:08:39,48.93,-125.55,59.0,75,60,3.89
470,Faya,SA,2020-07-05 04:10:40,18.39,42.45,73.4,25,46,5.75
471,Livingston,GB,2020-07-05 04:10:40,55.9,-3.52,55.99,82,75,19.46
472,Bulawayo,ZW,2020-07-05 04:10:40,-20.15,28.58,42.67,84,0,6.04
473,Altamira,BR,2020-07-05 04:06:31,-3.2,-52.21,75.2,94,20,1.12
474,Pangody,RU,2020-07-05 04:10:41,65.85,74.49,68.61,52,59,12.55
475,Tzintzuntzan,MX,2020-07-05 04:10:41,19.62,-101.58,60.01,89,66,1.99
476,Aketi,CD,2020-07-05 04:10:41,2.74,23.78,70.23,96,73,1.3
477,Mattru,SL,2020-07-05 04:10:41,7.62,-11.83,72.81,97,100,2.48
478,Honningsvag,NO,2020-07-05 04:10:42,70.98,25.97,45.0,85,100,4.05
479,Batticaloa,LK,2020-07-05 04:06:04,7.71,81.69,84.81,64,100,2.82
480,Kuldiga,LV,2020-07-05 04:10:42,56.97,21.96,60.8,100,90,14.99
481,Pasighat,IN,2020-07-05 04:08:06,28.07,95.33,82.65,77,99,4.85
482,Imbituba,BR,2020-07-05 04:09:32,-28.24,-48.67,60.8,82,14,8.05
483,Serebryansk,KZ,2020-07-05 04:10:43,49.69,83.29,68.0,68,75,8.95
484,Piranhas,BR,2020-07-05 04:10:43,-16.43,-51.82,70.43,48,0,4.07
485,Manicore,BR,2020-07-05 04:10:43,-5.81,-61.3,75.2,100,18,1.7
486,Cayenne,GF,2020-07-05 04:10:43,4.93,-52.33,75.2,100,75,2.24
487,Djambala,CG,2020-07-05 04:10:43,-2.54,14.75,66.22,91,70,3.18
488,Acarau,BR,2020-07-05 04:10:43,-2.89,-40.12,77.04,84,0,12.68
489,Shubarshi,KZ,2020-07-05 04:10:44,48.59,57.19,80.04,43,0,6.85
490,Singkawang,ID,2020-07-05 04:10:44,0.9,109.0,91.78,52,7,1.86
491,Ravanusa,IT,2020-07-05 04:10:44,37.27,13.97,66.99,78,0,1.01
492,Nalut,LY,2020-07-05 04:10:44,30.33,10.85,72.59,46,1,18.81
493,Canada,ES,2020-07-05 04:10:44,38.68,-0.81,72.0,82,8,3.49
494,Camacupa,AO,2020-07-05 04:10:44,-12.02,17.48,45.01,57,1,4.45
495,Chihuahua,MX,2020-07-05 04:07:18,28.5,-106.0,80.6,44,75,13.87
496,Gidam,IN,2020-07-05 04:10:45,18.98,81.4,75.63,88,100,1.28
497,Myitkyina,MM,2020-07-05 04:10:45,25.38,97.4,77.07,96,99,1.23
498,Minsk,BY,2020-07-05 04:10:45,53.9,27.57,60.8,82,0,2.24
499,Ambilobe,MG,2020-07-05 04:10:45,-13.2,49.05,68.94,76,95,4.21
500,Nicoya,CR,2020-07-05 04:10:45,10.15,-85.45,75.69,91,100,0.51
501,Puerto Ayacucho,VE,2020-07-05 04:10:45,5.66,-67.62,75.02,90,49,2.95
502,Acapulco,MX,2020-07-05 04:10:46,16.86,-99.89,80.19,78,0,6.93
503,Pindiga,NG,2020-07-05 04:10:46,9.98,10.93,71.74,93,100,10.74
504,Nyurba,RU,2020-07-05 04:10:46,63.28,118.33,63.63,42,15,10.13
505,Lethem,GY,2020-07-05 04:10:46,3.38,-59.8,75.09,89,72,6.67
506,Iqaluit,CA,2020-07-05 04:07:59,63.75,-68.51,53.6,76,75,8.05
507,Mao,ES,2020-07-05 04:10:16,39.89,4.27,68.0,94,0,4.7
508,Angra Dos Reis,BR,2020-07-05 04:10:46,-23.01,-44.32,62.6,88,4,5.82
509,Lagunas,PE,2020-07-05 04:10:47,-5.23,-75.68,71.13,97,2,0.34
510,Kesova Gora,RU,2020-07-05 04:10:47,57.58,37.29,63.39,85,0,3.58
511,Tazovskiy,RU,2020-07-05 04:10:47,67.47,78.7,51.76,95,100,17.45
512,Sawtell,AU,2020-07-05 04:10:47,-30.38,153.1,66.2,39,0,11.41
513,Sakakah,SA,2020-07-05 04:10:47,29.97,40.21,77.0,36,0,16.11
514,Sambava,MG,2020-07-05 04:10:47,-14.27,50.17,69.17,84,53,13.76
515,Rosario,AR,2020-07-05 04:09:14,-32.95,-60.64,52.0,81,100,8.05
516,Santa Maria,BR,2020-07-05 04:10:48,-29.68,-53.81,57.2,82,75,4.7
517,Zhuhai,CN,2020-07-05 04:10:48,22.28,113.57,95.0,79,20,11.41
518,Ayan,RU,2020-07-05 04:10:48,56.45,138.17,47.93,98,100,13.76
519,Yaan,NG,2020-07-05 04:10:48,7.38,8.57,71.62,99,100,5.1
520,Pozo Colorado,PY,2020-07-05 04:10:48,-23.49,-58.8,67.06,68,7,6.38
521,Yar-Sale,RU,2020-07-05 04:10:48,66.83,70.83,70.5,45,0,4.94
522,Lorengau,PG,2020-07-05 04:10:49,-2.02,147.27,84.24,71,29,6.33
523,Chifeng,CN,2020-07-05 04:10:49,42.27,118.96,85.46,31,31,5.5
524,Kyabram,AU,2020-07-05 04:10:49,-36.32,145.05,59.0,52,35,11.52
525,Warri,NG,2020-07-05 04:10:49,5.52,5.75,74.16,95,100,3.49
526,Edd,ER,2020-07-05 04:10:49,13.93,41.69,90.59,53,100,13.58
527,Idah,NG,2020-07-05 04:10:49,7.11,6.73,71.98,95,100,1.32
528,Vila Velha,BR,2020-07-05 04:10:50,-20.33,-40.29,69.8,94,90,3.36
529,Piranshahr,IR,2020-07-05 04:10:50,36.7,45.14,69.26,49,11,8.88
530,Masindi,UG,2020-07-05 04:10:50,1.67,31.71,64.6,83,92,1.3
531,Guerrero Negro,MX,2020-07-05 04:10:50,27.98,-114.06,69.01,78,0,17.45
532,Teberda,RU,2020-07-05 04:10:50,43.45,41.74,68.56,56,3,0.85
533,Martinesti,RO,2020-07-05 04:10:50,45.82,23.13,64.53,86,0,0.4
534,Tirumakudal Narsipur,IN,2020-07-05 04:10:50,12.21,76.91,73.4,88,75,9.17
535,Russell,US,2020-07-05 04:10:51,32.35,-85.2,80.6,88,40,0.94
536,Ust-Barguzin,RU,2020-07-05 04:10:51,53.45,108.98,66.24,38,0,10.22
537,Saint-Leu,RE,2020-07-05 04:10:51,-21.15,55.28,66.2,88,90,6.93
538,Masuguru,TZ,2020-07-05 04:10:51,-11.37,38.42,64.17,76,100,3.8
539,Palaikastron,GR,2020-07-05 04:10:52,35.2,26.25,77.72,66,0,12.19
540,Karakol,KG,2020-07-05 04:10:52,42.49,78.39,66.61,33,25,4.63
541,Ozernovskiy,RU,2020-07-05 04:10:52,51.5,156.52,51.51,84,99,9.44
542,Ponca City,US,2020-07-05 04:10:52,36.71,-97.09,79.0,69,20,14.99
543,Youkounkoun,GN,2020-07-05 04:10:52,12.53,-13.13,75.81,90,100,6.87
544,Coihaique,CL,2020-07-05 04:10:52,-45.58,-72.07,33.8,86,90,2.24
545,Vardo,NO,2020-07-05 04:10:52,70.37,31.11,45.88,91,94,17.05
546,Shebunino,RU,2020-07-05 04:10:53,46.43,141.86,65.25,81,78,14.81
547,Jiancheng,CN,2020-07-05 04:10:53,30.39,104.55,77.0,69,40,2.24
548,Banjar,ID,2020-07-05 04:10:53,-8.19,114.97,84.2,89,40,12.75
549,Sioux Lookout,CA,2020-07-05 04:10:53,50.1,-91.92,75.2,73,75,3.36
550,Myre,NO,2020-07-05 04:10:53,69.1,15.95,48.2,81,99,3.36
551,Griffith,US,2020-07-05 04:10:53,41.53,-87.42,75.2,83,1,4.7
552,Athabasca,CA,2020-07-05 04:10:54,54.72,-113.29,54.66,87,34,8.28
553,Aquin,HT,2020-07-05 04:10:54,18.28,-73.4,79.29,82,7,1.43
554,Shediac,CA,2020-07-05 04:10:54,46.22,-64.54,59.0,87,75,5.82
555,Cizre,TR,2020-07-05 04:10:54,37.33,42.19,89.37,22,0,6.76
556,Aswan,EG,2020-07-05 04:10:54,24.09,32.91,84.63,19,0,8.23
557,Luena,AO,2020-07-05 04:10:54,-11.78,19.92,49.1,53,0,5.93
558,Ouadda,CF,2020-07-05 04:10:54,8.08,22.4,66.9,92,67,0.96
559,Mormugao,IN,2020-07-05 04:10:55,15.4,73.8,80.56,86,100,12.37
560,Caravelas,BR,2020-07-05 04:10:55,-17.71,-39.25,71.73,89,53,11.7
561,Jatai,BR,2020-07-05 04:10:55,-17.88,-51.71,65.84,55,0,3.71
562,Poum,NC,2020-07-05 04:10:55,-20.23,164.02,72.61,73,97,18.07
563,Biak,ID,2020-07-05 04:10:55,-0.91,122.88,82.51,73,14,4.54
564,Natal,BR,2020-07-05 04:09:10,-5.79,-35.21,73.4,88,40,8.05
565,Sikasso,ML,2020-07-05 04:10:56,10.92,-7.0,73.2,85,71,8.43
566,Tres Lagoas,BR,2020-07-05 04:09:06,-20.75,-51.68,65.88,64,0,6.91
567,Polyarnyy,RU,2020-07-05 04:10:56,69.2,33.45,57.2,71,100,4.47
568,Mortka,RU,2020-07-05 04:10:56,59.33,66.02,70.47,57,96,2.59
569,Paamiut,GL,2020-07-05 04:10:56,61.99,-49.67,38.25,92,100,0.81
570,Matay,EG,2020-07-05 04:10:56,28.42,30.78,74.55,59,0,8.43
571,Rosarito,MX,2020-07-05 04:08:09,32.33,-117.03,73.0,73,1,4.7
572,Boden,SE,2020-07-05 04:10:57,65.83,21.69,46.4,93,87,6.93
573,Parkes,AU,2020-07-05 04:10:57,-33.13,148.18,54.0,73,100,1.01
574,Kondinskoye,RU,2020-07-05 04:10:57,59.65,67.41,72.1,51,49,3.29
575,Saint-Paul,RE,2020-07-05 04:10:57,-21.01,55.27,66.2,68,40,6.93
576,Dongying,CN,2020-07-05 04:10:57,37.46,118.49,81.82,60,83,9.66
577,Santa Clara,CU,2020-07-05 04:07:38,22.4,-79.97,78.8,88,40,2.24
578,Cloquet,US,2020-07-05 04:10:58,46.72,-92.46,71.6,68,1,5.19
579,Bam,IR,2020-07-05 04:10:58,29.11,58.36,86.05,12,2,6.51
580,Sulangan,PH,2020-07-05 04:10:58,11.14,123.72,83.52,69,100,3.56
581,Ahuimanu,US,2020-07-05 04:09:13,21.44,-157.84,82.4,61,40,8.05
582,Raton,US,2020-07-05 04:10:58,36.9,-104.44,62.6,72,1,9.17
583,Tarko-Sale,RU,2020-07-05 04:10:59,64.92,77.78,65.28,63,100,17.07
584,Ustrzyki Dolne,PL,2020-07-05 04:10:59,49.43,22.59,59.0,90,0,5.01
585,Abha,SA,2020-07-05 04:10:59,18.22,42.51,73.4,29,78,7.31
586,Sayansk,RU,2020-07-05 04:10:59,54.11,102.16,85.64,31,48,3.27
587,Petrovsk-Zabaykalskiy,RU,2020-07-05 04:10:59,51.27,108.84,81.82,28,57,8.37
588,Mugumu,TZ,2020-07-05 04:10:59,-1.85,34.7,60.64,75,71,3.56
589,Koslan,RU,2020-07-05 04:10:59,63.46,48.9,66.33,65,97,2.89
590,Huaraz,PE,2020-07-05 04:11:00,-9.53,-77.53,52.9,64,98,1.66
591,Constitucion,CL,2020-07-05 04:11:00,-35.33,-72.42,51.15,84,34,9.44
592,Ormara,PK,2020-07-05 04:11:00,25.21,64.64,86.88,76,100,11.43
593,Sun City West,US,2020-07-05 04:11:00,33.66,-112.34,102.2,15,1,9.17
594,Yatou,CN,2020-07-05 04:11:00,37.15,122.38,75.58,67,44,13.8
